﻿{"cameraMode":{"drawMode":0,"name":"Shaded","section":"Shading Mode"},"sceneLighting":false,"audioPlay":false,"sceneViewState":{"showFog":false,"showMaterialUpdate":false,"showSkybox":false,"showFlares":false,"showImageEffects":false,"showParticleSystems":false},"in2DMode":false,"pivot":{"x":-128.1328582763672,"y":170.2622833251953,"z":-94.18639373779297},"rotation":{"x":-0.5979716181755066,"y":0.05757513642311096,"z":-0.0431293323636055,"w":-0.7982825636863709},"size":249.76904296875,"orthographic":false}